CREATE DATABASE addressbook DEFAULT CHARACTER SET utf8;

USE addressbook;

CREATE TABLE user(
	username VARCHAR(20) PRIMARY KEY,
	password VARCHAR(20) NOT NULL,
	id VARCHAR(20) NOT NULL,
	classid  VARCHAR(20) NOT NULL,
	name VARCHAR(20) NOT NULL,
	role VARCHAR(20) NOT NULL
);

INSERT INTO user VALUES('1001','1001','12051412','12052312','陈兴哲','student');
INSERT INTO user VALUES('1002','1002','12051413','12052312','陈钿歌','student');
INSERT INTO user VALUES('1003','1003','12051415','12052312','丁隆乾','student');
INSERT INTO user VALUES('1004','1004','12051422','12052312','姜浩','student');
INSERT INTO user VALUES('1005','1005','12052233','12052313','张三','student');
INSERT INTO user VALUES('admin1','admin1','','','老王','admin');

CREATE TABLE student(
	id VARCHAR(10) PRIMARY KEY,
	classid VARCHAR(10) NOT NULL,
	name VARCHAR(20) NOT NULL
);
INSERT INTO student VALUES('12051412','12052312','陈兴哲');
INSERT INTO student VALUES('12051413','12052312','陈钿歌');
INSERT INTO student VALUES('12051415','12052312','丁隆乾');
INSERT INTO student VALUES('12051422','12052312','姜浩');
INSERT INTO student VALUES('12052231','12052313','陈一');
INSERT INTO student VALUES('12052232','12052313','黄二');
INSERT INTO student VALUES('12052233','12052313','张三');
INSERT INTO student VALUES('12052234','12052313','李四');
INSERT INTO student VALUES('12052138','12052311','王五');
INSERT INTO student VALUES('12052139','12052311','赵六');
INSERT INTO student VALUES('12052140','12052311','钱七');
INSERT INTO student VALUES('12052141','12052311','孙八');
INSERT INTO student VALUES('12052142','12052311','杨九');
INSERT INTO student VALUES('12052143','12052311','吴十');

CREATE TABLE info(
	id VARCHAR(10) PRIMARY KEY,
	classid VARCHAR(10),
	name VARCHAR(20) NOT NULL,
	gender VARCHAR(2) NOT NULL,
	province VARCHAR(10) NOT NULL,
	address VARCHAR(100) NOT NULL,
	birthday DATE NOT NULL,
	tel VARCHAR(20)
);

INSERT INTO info VALUES('12051412','12052312','陈兴哲','男','河北','杭电生活区21幢222-1','1993-11-27','15925616514');
INSERT INTO info VALUES('12051413','12052312','陈钿歌','男','浙江','杭电生活区21幢222-2','1994-3-28','15957193987');
INSERT INTO info VALUES('12051415','12052312','丁隆乾','男','浙江','杭电生活区21幢222-4','1993-10-01','15325557275');
INSERT INTO info VALUES('12051422','12052312','姜浩','男','黑龙江','杭电生活区21幢224-3','1993-10-13','18646989399');
INSERT INTO info VALUES('12052231','12052313','陈一','男','新疆','杭电生活区21幢201-4','1994-6-27','18369548455');
INSERT INTO info VALUES('12052232','12052313','黄二','男','浙江','杭电生活区21幢202-4','1994-8-27','18369548455');
INSERT INTO info VALUES('12052233','12052313','张三','男','浙江','杭电生活区21幢203-4','1994-8-27','18369548455');
INSERT INTO info VALUES('12052234','12052313','李四','男','上海','杭电生活区21幢204-4','1994-7-27','18369548455');
INSERT INTO info VALUES('12052138','12052311','王五','男','浙江','杭电生活区21幢205-4','1994-6-27','18369548455');
INSERT INTO info VALUES('12052139','12052311','赵六','男','浙江','杭电生活区21幢206-4','1994-5-27','18369548455');
INSERT INTO info VALUES('12052140','12052311','钱七','男','湖南','杭电生活区21幢207-4','1994-6-27','18369548455');
INSERT INTO info VALUES('12052141','12052311','孙八','男','河南','杭电生活区21幢208-4','1994-6-27','18369548455');
INSERT INTO info VALUES('12052142','12052311','杨九','男','山东','杭电生活区21幢209-4','1994-6-27','18369548455');
INSERT INTO info VALUES('12052143','12052311','吴十','男','广东','杭电生活区21幢210-4','1994-2-27','18369548455');

CREATE TABLE class(
	id VARCHAR(10) PRIMARY KEY,
	name VARCHAR(30)
);

INSERT INTO class VALUES('12052311','计算机科学与技术1班');
INSERT INTO class VALUES('12052312','计算机科学与技术2班');
INSERT INTO class VALUES('12052313','计算机科学与技术3班');